PaymentID,ReservationID,AmountPaid,PaymentMode,PaymentDate
PAY00001,RSV00030,222.58,Debit Card,2025-04-15 09:12:13
PAY00002,RSV00172,426.31,Debit Card,2024-12-08 10:53:14
PAY00003,RSV00255,1367.6,UPI,2024-10-11 06:07:35
PAY00004,RSV00043,491.35,Credit Card,2024-09-12 01:23:49
PAY00005,RSV00116,916.13,Cash,2025-05-18 04:40:03
PAY00006,RSV00203,461.49,Debit Card,2025-05-15 18:30:19
PAY00007,RSV00273,403.52,Debit Card,2025-02-22 02:36:06
PAY00008,RSV00185,1228.05,Cash,2025-02-18 06:57:13
PAY00009,RSV00094,493.98,Credit Card,2025-05-16 15:55:09
PAY00010,RSV00238,383.13,Credit Card,2025-02-25 23:12:16
PAY00011,RSV00230,1314.14,Credit Card,2024-08-21 16:11:53
PAY00012,RSV00147,749.25,Debit Card,2024-12-21 05:16:16
PAY00013,RSV00139,185.36,UPI,2025-02-16 09:05:53
PAY00014,RSV00214,1060.37,Debit Card,2025-03-10 13:17:43
PAY00015,RSV00194,429.74,Credit Card,2025-03-10 20:39:26
PAY00016,RSV00244,317.15,Debit Card,2025-03-07 04:04:57
PAY00017,RSV00142,514.88,Debit Card,2025-02-25 01:35:05
PAY00018,RSV00129,681.2,Debit Card,2025-05-04 13:54:58
PAY00019,RSV00188,320.4,Cash,2025-04-24 04:54:16
PAY00020,RSV00236,365.73,UPI,2025-05-31 02:47:26
PAY00021,RSV00099,1462.37,Debit Card,2024-12-16 22:11:01
PAY00022,RSV00013,528.4,Credit Card,2025-03-23 17:24:39
PAY00023,RSV00289,269.61,Debit Card,2025-05-19 06:19:48
PAY00024,RSV00203,89.69,Credit Card,2025-02-19 23:09:16
PAY00025,RSV00110,1389.89,UPI,2025-02-20 09:41:19
PAY00026,RSV00058,1450.83,Debit Card,2025-03-02 22:18:51
PAY00027,RSV00251,1411.31,Credit Card,2025-05-02 21:10:27
PAY00028,RSV00026,467.85,UPI,2024-11-03 18:53:06
PAY00029,RSV00285,537.54,Debit Card,2025-02-19 23:38:26
PAY00030,RSV00023,786.41,Cash,2025-02-27 20:01:45
PAY00031,RSV00219,1126.89,UPI,2024-09-28 17:41:04
PAY00032,RSV00167,383.9,Cash,2025-02-03 02:27:13
PAY00033,RSV00111,1307.53,UPI,2025-02-10 10:59:08
PAY00034,RSV00072,647.78,Debit Card,2025-03-26 02:50:56
PAY00035,RSV00097,734.38,Cash,2025-06-01 04:12:11
PAY00036,RSV00264,366.95,Credit Card,2025-05-01 14:43:50
PAY00037,RSV00233,174.11,Credit Card,2025-03-28 11:23:22
PAY00038,RSV00263,509.72,UPI,2025-03-08 03:56:49
PAY00039,RSV00053,1450.63,UPI,2024-08-31 13:09:12
PAY00040,RSV00071,1257.81,UPI,2024-09-17 02:14:54
PAY00041,RSV00034,750.76,Credit Card,2025-05-26 01:39:43
PAY00042,RSV00292,726.37,Credit Card,2025-04-17 12:54:43
PAY00043,RSV00162,1154.45,Debit Card,2025-04-20 02:40:07
PAY00044,RSV00143,1202.9,Cash,2025-04-04 03:03:51
PAY00045,RSV00252,855.67,Cash,2024-11-02 10:16:35
PAY00046,RSV00036,283.86,UPI,2025-02-15 05:37:08
PAY00047,RSV00192,483.87,UPI,2025-05-01 05:10:43
PAY00048,RSV00280,858.63,Credit Card,2025-05-31 17:31:33
PAY00049,RSV00255,306.65,Debit Card,2025-02-18 10:36:16
PAY00050,RSV00190,711.46,Debit Card,2025-05-28 13:56:30
PAY00051,RSV00031,1087.85,UPI,2025-05-01 18:31:47
PAY00052,RSV00116,1049.9,Credit Card,2025-04-27 17:17:10
PAY00053,RSV00026,917.69,UPI,2025-01-29 16:47:55
PAY00054,RSV00266,121.87,Credit Card,2025-05-31 09:45:04
PAY00055,RSV00213,1221.94,Credit Card,2025-02-06 03:03:28
PAY00056,RSV00198,1354.51,Credit Card,2025-05-26 05:14:45
PAY00057,RSV00029,557.98,Credit Card,2025-01-05 05:40:47
PAY00058,RSV00115,893.37,UPI,2025-04-08 18:03:55
PAY00059,RSV00166,1346.31,Debit Card,2024-09-01 08:24:21
PAY00060,RSV00213,218.56,UPI,2025-01-28 16:57:37
PAY00061,RSV00164,632.74,Cash,2025-01-02 18:07:11
PAY00062,RSV00071,548.15,Cash,2025-01-27 01:53:41
PAY00063,RSV00146,869.25,UPI,2025-04-14 02:05:12
PAY00064,RSV00175,432.88,Debit Card,2025-05-25 02:00:59
PAY00065,RSV00179,541.47,Cash,2024-11-02 17:01:51
PAY00066,RSV00096,106.29,UPI,2025-01-05 18:29:38
PAY00067,RSV00247,904.67,Credit Card,2025-05-08 21:42:16
PAY00068,RSV00128,644.95,Debit Card,2025-03-30 06:55:09
PAY00069,RSV00057,704.12,UPI,2025-03-20 10:59:55
PAY00070,RSV00139,295.1,Cash,2025-04-08 05:53:00
PAY00071,RSV00134,1450.74,UPI,2025-03-25 15:59:19
PAY00072,RSV00088,882.68,UPI,2024-09-04 21:38:24
PAY00073,RSV00255,775.64,Cash,2024-11-12 16:03:17
PAY00074,RSV00163,447.87,UPI,2025-05-17 02:02:33
PAY00075,RSV00156,1474.98,Cash,2025-02-14 20:01:22
PAY00076,RSV00073,853.3,Debit Card,2025-05-19 07:00:25
PAY00077,RSV00005,335.78,UPI,2025-05-13 13:18:32
PAY00078,RSV00124,576.65,UPI,2025-01-28 14:31:41
PAY00079,RSV00246,350.37,UPI,2025-05-15 00:44:43
PAY00080,RSV00152,1202.46,Cash,2025-03-20 12:41:41
PAY00081,RSV00048,476.67,Cash,2025-01-25 07:42:34
PAY00082,RSV00284,985.49,Debit Card,2025-02-26 23:31:25
PAY00083,RSV00194,352.44,UPI,2024-11-04 05:45:18
PAY00084,RSV00086,891.94,UPI,2025-04-28 07:30:52
PAY00085,RSV00018,266.98,Credit Card,2025-02-08 16:14:30
PAY00086,RSV00055,1208.36,UPI,2024-12-27 10:44:36
PAY00087,RSV00216,769.98,Debit Card,2025-02-03 18:07:29
PAY00088,RSV00054,1303.46,UPI,2025-05-22 21:14:54
PAY00089,RSV00049,1039.09,UPI,2025-05-10 13:06:45
PAY00090,RSV00173,1298.01,Debit Card,2025-03-09 02:36:47
PAY00091,RSV00007,967.08,Debit Card,2024-12-21 07:01:26
PAY00092,RSV00206,1382.77,UPI,2025-04-27 22:58:34
PAY00093,RSV00065,1367.74,Cash,2025-05-31 19:37:37
PAY00094,RSV00183,177.82,Credit Card,2024-09-21 10:40:24
PAY00095,RSV00109,1018.15,UPI,2025-01-12 21:19:07
PAY00096,RSV00005,103.07,Debit Card,2025-05-02 19:28:09
PAY00097,RSV00229,391.56,UPI,2025-05-24 09:32:45
PAY00098,RSV00199,1459.55,Cash,2024-12-07 10:54:33
PAY00099,RSV00187,1126.35,Cash,2025-05-06 05:32:52
PAY00100,RSV00010,1336.23,Credit Card,2025-05-11 03:52:12
PAY00101,RSV00158,1416.08,Cash,2025-01-05 03:41:31
PAY00102,RSV00144,614.33,UPI,2024-07-16 04:58:25
PAY00103,RSV00001,1211.77,UPI,2025-05-27 05:44:55
PAY00104,RSV00123,1016.76,Debit Card,2025-05-18 05:51:02
PAY00105,RSV00074,723.53,Cash,2024-06-30 17:33:21
PAY00106,RSV00044,1328.1,Debit Card,2025-04-17 11:16:14
PAY00107,RSV00015,1222.16,Credit Card,2025-05-24 11:23:37
PAY00108,RSV00017,1302.87,Credit Card,2025-02-11 01:23:25
PAY00109,RSV00169,1067.26,Credit Card,2025-05-01 23:02:29
PAY00110,RSV00176,87.41,Cash,2025-03-08 07:37:57
PAY00111,RSV00264,1374.19,Credit Card,2025-05-17 01:43:27
PAY00112,RSV00183,1453.78,Cash,2024-12-11 04:34:29
PAY00113,RSV00035,669.63,Debit Card,2025-01-18 06:11:50
PAY00114,RSV00250,1473.78,UPI,2025-03-27 04:40:55
PAY00115,RSV00097,1145.52,Cash,2025-05-31 08:46:48
PAY00116,RSV00176,321.19,Debit Card,2025-02-16 11:48:21
PAY00117,RSV00177,1412.56,Debit Card,2025-06-01 10:06:05
PAY00118,RSV00205,333.26,Debit Card,2025-01-12 05:32:46
PAY00119,RSV00017,601.15,Debit Card,2025-03-20 01:06:32
PAY00120,RSV00089,1068.12,Credit Card,2024-12-28 08:43:09
PAY00121,RSV00061,777.22,Cash,2024-07-12 06:14:18
PAY00122,RSV00153,109.84,Debit Card,2025-02-02 22:41:11
PAY00123,RSV00251,85.3,UPI,2025-05-04 03:28:32
PAY00124,RSV00236,598.54,UPI,2025-05-06 09:59:53
PAY00125,RSV00026,1140.36,Credit Card,2025-04-15 05:57:41
PAY00126,RSV00134,711.82,UPI,2025-03-08 21:32:24
PAY00127,RSV00224,1150.88,UPI,2024-12-18 08:47:23
PAY00128,RSV00280,1341.94,Debit Card,2025-05-19 18:42:29
PAY00129,RSV00119,1041.01,Debit Card,2025-05-19 16:00:02
PAY00130,RSV00142,1389.49,UPI,2024-11-21 22:55:06
PAY00131,RSV00282,1023.31,Credit Card,2025-03-12 21:57:07
PAY00132,RSV00186,1377.81,Credit Card,2025-01-26 15:20:12
PAY00133,RSV00098,1039.16,Credit Card,2024-11-16 14:05:48
PAY00134,RSV00183,256.5,Credit Card,2024-10-05 06:25:19
PAY00135,RSV00046,813.56,UPI,2025-01-17 21:43:57
PAY00136,RSV00124,837.64,UPI,2024-12-25 17:15:06
PAY00137,RSV00252,1297.59,Cash,2025-02-28 22:15:50
PAY00138,RSV00289,1093.63,Credit Card,2025-05-21 23:33:23
PAY00139,RSV00049,1333.42,Credit Card,2025-05-24 08:49:21
PAY00140,RSV00016,588.29,Credit Card,2024-08-16 15:55:12
PAY00141,RSV00208,144.82,Cash,2025-05-28 22:09:15
PAY00142,RSV00177,80.61,Credit Card,2025-05-20 03:25:28
PAY00143,RSV00216,304.25,Cash,2025-01-29 13:59:15
PAY00144,RSV00258,990.09,Credit Card,2024-09-15 19:08:55
PAY00145,RSV00019,1132.73,Cash,2024-12-24 03:13:35
PAY00146,RSV00162,432.59,Cash,2024-09-02 02:28:47
PAY00147,RSV00248,1127.3,Credit Card,2025-05-23 01:26:53
PAY00148,RSV00037,1239.13,Credit Card,2025-04-24 17:21:13
PAY00149,RSV00197,848.17,Cash,2025-05-04 03:28:52
PAY00150,RSV00205,520.61,UPI,2025-03-25 13:59:27
PAY00151,RSV00028,1027.97,Credit Card,2025-01-20 22:37:13
PAY00152,RSV00139,1483.61,Debit Card,2025-05-15 22:02:23
PAY00153,RSV00127,70.63,UPI,2025-05-27 21:31:05
PAY00154,RSV00181,797.64,Cash,2024-12-14 08:32:08
PAY00155,RSV00125,605.49,UPI,2024-11-06 06:02:25
PAY00156,RSV00090,685.4,UPI,2025-03-30 02:53:08
PAY00157,RSV00269,707.04,UPI,2025-05-12 12:33:26
PAY00158,RSV00026,969.37,UPI,2024-12-18 18:36:27
PAY00159,RSV00284,462.64,UPI,2024-12-02 21:55:03
PAY00160,RSV00258,550.67,Credit Card,2025-03-25 23:09:06
PAY00161,RSV00250,209.38,UPI,2025-02-05 19:27:36
PAY00162,RSV00054,317.17,Debit Card,2025-05-28 06:39:33
PAY00163,RSV00280,650.08,Cash,2025-05-19 13:13:38
PAY00164,RSV00279,1429.72,Debit Card,2025-04-22 02:09:23
PAY00165,RSV00020,1117.46,Debit Card,2025-05-15 23:31:53
PAY00166,RSV00220,179.23,Debit Card,2025-05-31 03:11:03
PAY00167,RSV00165,224.32,Credit Card,2025-01-21 17:58:18
PAY00168,RSV00112,907.32,Cash,2025-05-14 20:33:14
PAY00169,RSV00053,1176.88,Debit Card,2024-09-24 13:08:53
PAY00170,RSV00287,788.86,Credit Card,2025-05-30 11:14:52
PAY00171,RSV00166,664.82,Cash,2025-02-08 12:12:17
PAY00172,RSV00226,391.12,Credit Card,2024-09-11 14:15:01
PAY00173,RSV00200,1461.42,UPI,2025-03-29 19:48:34
PAY00174,RSV00129,881.4,Credit Card,2025-04-12 18:25:26
PAY00175,RSV00247,1203.94,Credit Card,2025-02-06 18:41:54
PAY00176,RSV00095,1374.59,UPI,2025-05-02 04:02:55
PAY00177,RSV00094,1473.33,Debit Card,2025-05-31 14:02:43
PAY00178,RSV00076,752.76,Credit Card,2025-03-12 22:12:10
PAY00179,RSV00163,1036.11,Cash,2025-05-27 20:18:23
PAY00180,RSV00012,1039.68,Cash,2025-02-14 23:20:43
PAY00181,RSV00124,333.06,Credit Card,2025-03-02 18:30:25
PAY00182,RSV00109,1016.47,Debit Card,2024-11-29 07:21:45
PAY00183,RSV00244,125.55,Credit Card,2025-04-04 20:38:53
PAY00184,RSV00032,211.26,Debit Card,2025-03-31 15:47:40
PAY00185,RSV00266,1225.7,Cash,2025-02-06 08:50:06
PAY00186,RSV00226,1023.59,Debit Card,2025-03-27 22:34:47
PAY00187,RSV00144,496.06,Credit Card,2024-10-02 08:22:28
PAY00188,RSV00022,335.82,Cash,2025-03-07 05:03:35
PAY00189,RSV00239,636.86,UPI,2025-05-31 01:36:47
PAY00190,RSV00185,1232.18,UPI,2025-02-06 22:49:27
PAY00191,RSV00164,611.02,UPI,2025-03-13 00:45:11
PAY00192,RSV00188,1192.13,Credit Card,2025-05-14 12:57:41
PAY00193,RSV00276,817.22,Debit Card,2025-03-02 23:36:34
PAY00194,RSV00075,1376.19,Debit Card,2025-04-18 04:05:41
PAY00195,RSV00267,1294.31,Credit Card,2024-06-12 09:09:40
PAY00196,RSV00104,381.42,Credit Card,2024-08-24 03:36:03
PAY00197,RSV00196,504.01,UPI,2024-10-24 12:03:35
PAY00198,RSV00003,819.61,UPI,2025-04-08 18:02:40
PAY00199,RSV00130,527.68,Credit Card,2025-05-27 20:49:40
PAY00200,RSV00063,142.3,Credit Card,2025-05-26 12:22:55
PAY00201,RSV00055,1201.65,Cash,2025-02-05 22:54:52
PAY00202,RSV00144,329.59,Debit Card,2025-03-30 02:48:28
PAY00203,RSV00163,387.35,Debit Card,2025-04-07 22:20:25
PAY00204,RSV00028,573.03,Credit Card,2025-02-11 13:57:07
PAY00205,RSV00182,59.53,UPI,2025-03-22 21:05:09
PAY00206,RSV00206,902.86,UPI,2025-03-19 04:01:11
PAY00207,RSV00158,914.79,Debit Card,2024-12-22 13:38:23
PAY00208,RSV00276,1453.12,Debit Card,2025-01-15 16:53:07
PAY00209,RSV00209,1401.45,UPI,2025-05-08 11:14:00
PAY00210,RSV00253,126.79,UPI,2025-05-09 06:46:41
PAY00211,RSV00121,1024.76,UPI,2025-03-02 17:18:45
PAY00212,RSV00221,832.35,Credit Card,2025-03-20 11:46:18
PAY00213,RSV00224,611.23,Cash,2024-12-21 16:31:38
PAY00214,RSV00088,403.62,Cash,2025-04-18 18:02:23
PAY00215,RSV00068,1233,Credit Card,2024-12-02 18:48:33
PAY00216,RSV00054,1365.63,Cash,2025-05-07 07:30:11
PAY00217,RSV00241,708.04,UPI,2025-05-16 00:10:50
PAY00218,RSV00180,536.84,UPI,2025-05-06 20:44:23
PAY00219,RSV00108,1266.96,Credit Card,2024-10-01 06:40:29
PAY00220,RSV00015,1312.3,UPI,2024-09-27 16:41:10
PAY00221,RSV00008,193.68,Cash,2024-10-31 02:21:46
PAY00222,RSV00059,748.96,Debit Card,2025-03-09 16:27:03
PAY00223,RSV00273,656.28,UPI,2025-05-25 22:15:19
PAY00224,RSV00238,783.47,UPI,2025-01-21 21:55:02
PAY00225,RSV00079,1125.62,Credit Card,2024-09-21 09:09:51
PAY00226,RSV00015,210.52,Debit Card,2025-05-31 10:29:29
PAY00227,RSV00078,1042.67,Debit Card,2025-04-21 08:00:46
PAY00228,RSV00232,1018.26,UPI,2025-05-06 21:43:31
PAY00229,RSV00210,1147.64,UPI,2024-10-04 07:02:50
PAY00230,RSV00060,153.49,Cash,2025-03-17 21:25:41
PAY00231,RSV00154,230.77,Credit Card,2025-05-12 03:54:12
PAY00232,RSV00002,1072.71,Cash,2025-06-01 01:45:39
PAY00233,RSV00215,305.57,Credit Card,2025-05-18 06:05:21
PAY00234,RSV00019,355.86,Cash,2024-12-26 13:43:46
PAY00235,RSV00232,1276.65,UPI,2025-04-18 17:59:32
PAY00236,RSV00188,563.26,Cash,2025-05-22 21:02:49
PAY00237,RSV00072,731.22,Cash,2025-02-25 03:08:26
PAY00238,RSV00074,151.99,UPI,2025-01-24 08:22:19
PAY00239,RSV00141,1214.26,Cash,2024-11-21 04:55:51
PAY00240,RSV00269,1441.77,Cash,2025-02-23 02:41:40
PAY00241,RSV00054,519.6,Debit Card,2025-05-10 01:51:27
PAY00242,RSV00281,1418.65,UPI,2025-04-28 21:16:51
PAY00243,RSV00021,633.74,Cash,2025-01-04 07:46:09
PAY00244,RSV00146,750.45,Credit Card,2025-04-21 10:21:38
PAY00245,RSV00216,84.6,Debit Card,2025-04-11 08:08:13
PAY00246,RSV00047,369.4,Debit Card,2025-03-21 05:38:51
PAY00247,RSV00070,196.93,Credit Card,2025-05-11 03:41:48
PAY00248,RSV00271,399.05,Credit Card,2024-12-16 00:35:11
PAY00249,RSV00119,107.11,Cash,2025-02-12 00:03:36
PAY00250,RSV00116,1248.05,Credit Card,2025-01-28 06:58:16
PAY00251,RSV00269,838.3,Credit Card,2024-12-28 10:27:33
PAY00252,RSV00204,662.98,Cash,2025-05-24 00:34:55
PAY00253,RSV00014,613.62,Credit Card,2024-11-03 18:48:44
PAY00254,RSV00006,1297.42,UPI,2025-03-23 02:34:33
PAY00255,RSV00053,1237.72,UPI,2024-12-15 02:33:56
PAY00256,RSV00165,151.62,UPI,2025-05-09 10:06:24
PAY00257,RSV00048,1180.12,Credit Card,2024-08-20 22:42:23
PAY00258,RSV00202,249.15,Debit Card,2024-10-31 18:00:01
PAY00259,RSV00109,204.38,UPI,2025-01-20 07:42:02
PAY00260,RSV00017,1107.74,Debit Card,2025-05-15 01:55:41
PAY00261,RSV00114,698.35,Cash,2024-10-09 03:57:39
PAY00262,RSV00244,1071.45,UPI,2025-03-10 05:36:56
PAY00263,RSV00064,496.14,Cash,2025-03-20 10:49:15
PAY00264,RSV00268,695.13,Debit Card,2025-05-15 01:57:59
PAY00265,RSV00078,157.08,Debit Card,2025-04-06 22:47:23
PAY00266,RSV00160,1336.34,UPI,2025-01-27 13:56:27
PAY00267,RSV00024,1267.38,Credit Card,2025-03-20 21:56:43
PAY00268,RSV00040,1442.7,Credit Card,2025-02-07 10:34:47
PAY00269,RSV00286,151.42,Credit Card,2025-05-19 18:13:55
PAY00270,RSV00148,326.59,UPI,2025-05-21 15:27:40
PAY00271,RSV00277,1374.74,Credit Card,2024-10-06 15:59:05
PAY00272,RSV00263,1039.83,UPI,2025-03-14 07:55:38
PAY00273,RSV00088,323.83,Credit Card,2025-02-08 03:56:22
PAY00274,RSV00001,581.38,Debit Card,2025-01-27 11:30:03
PAY00275,RSV00198,242.35,UPI,2024-08-13 17:12:59
PAY00276,RSV00232,514.3,Cash,2025-04-10 19:25:09
PAY00277,RSV00158,596.2,Debit Card,2025-01-30 02:37:43
PAY00278,RSV00290,251.61,Credit Card,2025-04-30 20:29:39
PAY00279,RSV00082,295.86,Credit Card,2025-04-16 21:24:00
PAY00280,RSV00083,1290.56,Debit Card,2025-04-28 13:55:40
PAY00281,RSV00129,1319.73,UPI,2025-05-28 07:21:43
PAY00282,RSV00025,710.08,Debit Card,2025-03-03 12:52:28
PAY00283,RSV00243,628.7,UPI,2025-04-13 12:58:03
PAY00284,RSV00115,808.31,Credit Card,2025-04-24 15:56:54
PAY00285,RSV00006,665.71,Cash,2024-11-27 10:53:35
PAY00286,RSV00215,202.03,Credit Card,2025-05-15 22:04:23
PAY00287,RSV00050,188.48,Credit Card,2025-04-10 00:29:11
PAY00288,RSV00082,773.2,Cash,2025-02-11 10:11:36
PAY00289,RSV00023,151.3,UPI,2024-12-30 07:41:04
PAY00290,RSV00288,1348.16,Debit Card,2025-04-16 03:02:02
PAY00291,RSV00177,1008.26,UPI,2025-04-11 03:32:06
PAY00292,RSV00243,155.03,Credit Card,2025-03-31 10:22:43
PAY00293,RSV00122,150.73,Debit Card,2025-01-04 14:55:02
PAY00294,RSV00052,937.8,Cash,2025-01-26 21:58:27
PAY00295,RSV00218,1170.49,Credit Card,2024-12-21 03:35:18
PAY00296,RSV00235,1469.96,Credit Card,2024-09-04 10:22:36
PAY00297,RSV00287,1404.39,Credit Card,2025-05-31 17:18:52
PAY00298,RSV00030,810.73,UPI,2025-03-28 00:05:26
PAY00299,RSV00059,1172.49,Debit Card,2024-06-28 02:43:19
PAY00300,RSV00024,1429.47,Cash,2025-05-16 23:25:51
